,brent,usdngn,ttf_jkm,jkm_netback,ghi,dni,temp_c,precip_mm,aerosol_od,fx_reserves,inflation,gas_price,harmattan,fm_dummy,pipeline_down,vandalism_idx,plant_age_gas,gas_to_power,domestic_alloc,PAF,Transmission_Loss_factor,freq_collapse,load_variance,ATC&C,Tech_&_commercial_loss,collection_loss,Total_E_Rec_by_disco,Total_E_Billed_by_Disco,Total_E_paid_to_Disco,market_shortfall,disco_collect_efficiency,Billing_efficiency,nbet_mo_pay_ratio,gas_cf,solar_cf,Gas_constraint,Distribution_constraint,Transmission_constraint
1/1/2015,47.7595,192,9.25,16.18733797,5.5224,3.5321,24.97,0,0.72,34.28068229,8.1,1.5,1,0,10.82534391,6,30,,,,,1,,,,,,,,,,,,,19,,,
2/1/2015,58.0955,192,8.27,14.20383414,5.4204,3.2714,29.17,9.24,0.76,31.35632058,8.1,1.5,1,0,8.265095563,3,30.07352941,,,,,0,,,,,,,,,,,,,17.5,,,
3/1/2015,55.88545455,192,8.27,13.04131932,5.5212,2.4041,28.81,21.08,0.99,29.78968584,8.2,1.5,1,0,4.196564864,3,30.14705882,,,,,2,,,,,,,,,,,,,16,,,
4/1/2015,59.52428571,192,6.774445667,10.93665948,6.0139,2.5956,29.36,12.3,0.95,29.5280244,8.2,1.5,0,0,3.414656761,4,30.22058824,,,,,0,,,,,,,,,,,,,15.5,,,
5/1/2015,64.075,200,6.683997311,9.336900164,5.4756,2.46,28.77,39.68,0.5,29.59528479,8.3,1.5,0,0,4.716162999,4,30.29411765,,,,,4,,,,,,,,,,,,,12.5,,,
6/1/2015,61.47772727,200,6.66672593,9.189122117,4.6562,1.656,26.41,76.5,0.57,29.00045444,8.4,1.5,0,0,4.575717754,3,30.36764706,,,,,0,,,,,,,,,,,,,13,,,
7/1/2015,56.56130435,200,6.694037135,9.495083258,4.6714,1.9318,24.8,209.87,0.48,31.45989597,8.5,1.5,0,0,4.386581407,1,30.44117647,,,,,1,,,,,,,,,,,,,13.5,,,
8/1/2015,46.515,200,6.345737583,9.815839658,4.1095,1.0898,24.22,189.1,0.5,31.32240522,8.6,1.5,0,0,3.498014515,3,30.51470588,,,,,0,,,,,,,,,,,,,13.5,,,
9/1/2015,47.62318182,230,6.27869866,10.30694395,4.6949,2.0489,24.62,186.9,0.4,30.34362133,8.7,1.5,0,0,4.443562926,2,30.58823529,,,,,0,,,,,,,,,,,,,14,,,
10/1/2015,48.43,230,6.026957821,10.10742681,5.2512,2.9945,25.63,80.91,0.41,30.19221322,8.8,1.5,0,0,3.252558595,1,30.66176471,,,,,1,,,,,,,,,,,,,13.5,,,
11/1/2015,44.26761905,230,5.500833851,9.515585914,5.9998,5.3882,26.18,6.9,0.34,29.91657729,8.9,1.5,1,0,8.013172219,3,30.73529412,,,,,1,,,,,,,,,,,,,21.5,,,
12/1/2015,38.00545455,230,5.092762983,9.080196292,5.4914,3.8388,24.21,0,0.71,29.06977915,9,1.5,1,0,7.51857401,4,30.80882353,,,,,0,,,,,,,,,,,,,23,,,
1/1/2016,30.6995,253,4.398186275,8.402302205,5.6311,3.6977,25.99,0,0.68,28.1616807,9.1,1.5,1,0,8.620013542,3,30.88235294,,,,,0,,,,,,,,,,,,,19,,,
2/1/2016,32.1815,253,3.968378589,8.561858132,5.586,2.5661,28.72,0,1.129,27.82359284,9.4,1.5,1,0,9.384879493,5,30.95588235,,,,,0,,,,,,,,,,,,,17.5,,,
3/1/2016,38.21045455,253,3.910180243,7.736698096,5.2301,2.5423,30.05,42.16,0.86,27.86460444,9.8,1.5,1,0,4.691919942,2,31.02941176,,,,,3,,,,,,,,,,,,,16,,,
4/1/2016,41.58333333,253,3.97007509,6.824979564,5.8975,3.0058,29.01,81.6,0.63,27.08960805,10.2,1.5,0,0,4.577254833,8,31.10294118,,,,,3,,,,,,,,,,,,,15.5,,,
5/1/2016,46.74238095,280,4.329191865,6.268892507,5.4734,2.3983,26.75,202.43,0.48,26.38728612,10.7,1.5,0,0,4.62771868,5,31.17647059,,,,,7,,,,,,,,,,,,,12.5,,,
6/1/2016,48.24727273,280,4.755720467,6.401801169,4.8931,1.9526,25.09,168.9,0.51,26.36343529,11.4,1.75,0,0,4.267491897,1,31.25,,,,,8,,,,,,,,,,,,,13,,,
7/1/2016,44.95190476,280,4.674737691,6.757118647,4.6082,1.5634,24.27,314.96,0.47,26.19560934,12,1.75,0,0,3.568085383,2,31.32352941,,,,,1,,,,,,,,,,,,,13.5,,,
8/1/2016,45.84304348,280,4.04748993,7.138674724,4.1969,1.2262,24.11,261.02,0.46,25.41739805,12.7,1.75,0,0,4.574563685,2,31.39705882,,,,,0,,,,,,,,,,,,,13.5,,,
9/1/2016,46.56772727,280,4.25361417,7.539792901,4.823,1.8367,24.38,273.6,0.45,24.61537647,13.5,1.75,0,0,6.585975158,6,31.47058824,,,,,1,,,,,,,,,,,,,14,,,
10/1/2016,49.52238095,300,5.336818883,7.652866646,5.7002,3.5062,25.15,122.14,0.44,24.61537647,14.2,1.75,0,0,5.664386983,2,31.54411765,,,,,1,,,,,,,,,,,,,13.5,,,
11/1/2016,44.73409091,300,5.693179501,7.592588752,5.8411,4.5382,24.91,0.3,0.43,24.7715979,15,1.75,1,0,10.91566248,5,31.61764706,,,,,2,,,,,,,,,,,,,21.5,,,
12/1/2016,53.3085,300,5.423501422,7.591754152,5.3794,4.2125,23.94,0,0.59,25.84359893,15.7,1.75,1,0,9.115533307,4,31.69117647,,,,,2,,,,,,,,,,,,,23,,,
1/1/2017,54.57666667,305,6.144349255,8.042276861,5.3124,3.4164,25.2,0,0.69,28.17422689,16.4,1.75,1,0,7.932978051,3,31.76470588,,,64.7,9.36%,6,,,,,,4.72E+10,28700000000,,60.8,75,,22.81,19,1339200,74400,37200
2/1/2017,54.8695,305,6.051583645,8.414987315,5.8584,2.8255,26.26,0,0.9,29.64667639,17,1.75,1,0,7.293598483,5,31.83823529,,,46.64,9.36%,3,,,,,,4.72E+10,28700000000,,60.8,75,,28.4,17.5,1209600,67200,33600
3/1/2017,51.58913043,305,5.000945077,8.245983061,6.1968,3.3084,29.41,1.24,0.69,30.29794568,17.3,1.75,1,0,5.563009434,1,31.91176471,,,50.82,9.36%,1,,,,,,4.72E+10,28700000000,,60.8,75,,29.1,16,1339200,74400,37200
4/1/2017,52.30789474,305,5.010913918,8.763118755,5.6155,2.3614,28.45,59.7,0.72,30.86463299,17.6,1.75,0,0,3.53972111,3,31.98529412,,,51.56,9.21%,3,,,,,,5.34E+10,30966666667,,58,81,,27.2,15.5,1440000,216000,144000
5/1/2017,50.32652174,305,5.058435978,9.09680852,5.6503,2.9213,26.36,190.03,0.46,30.32963633,17.63,1.75,0,0,3.843119434,1,32.05882353,,,54.19,9.21%,1,,,,,,5.34E+10,30966666667,,58,81,,27.7,12.5,1488000,223200,148800
6/1/2017,46.36818182,305,4.886766786,8.882709705,5.0825,2.1691,25.6,205.5,0.49,30.2884113,17.58,1.75,0,0,3.433761782,3,32.13235294,,,53.2,9.21%,1,,,,,,5.34E+10,30966666667,,58,81,,26.8,13,1440000,216000,144000
7/1/2017,48.47857143,305,5.003920832,8.858482327,4.6555,1.6913,24.51,224.75,0.46,30.84310247,17.47,1.75,0,0,4.913237797,3,32.20588235,,,51.00%,8.42%,1,,54.00%,,,1.52E+11,5.06E+10,30100000000,,59.50%,78.00%,30.45%,25.9,13.5,446400,1302000,59520
8/1/2017,51.70434783,305,5.476601182,8.915415407,4.045,1.079,24.08,273.11,0.61,31.82570162,17.33,1.75,0,0,3.037859071,2,32.27941176,,,49.00%,8.42%,0,,54.00%,,,1.52E+11,5.06E+10,30100000000,,59.50%,78.00%,30.45%,25.8,13.5,446400,1302000,59520
9/1/2017,56.15285714,305,5.961149972,8.642029998,4.961,1.9778,24.53,165.9,0.49,32.49090072,17.17,1.75,0,0,4.651603437,4,32.35294118,,,49.00%,8.42%,4,,54.00%,,,1.52E+11,5.06E+10,30100000000,,59.50%,78.00%,30.45%,25.6,14,446400,1302000,59520
10/1/2017,57.50772727,305,6.176320349,8.313898893,5.6688,3.1289,25.32,70.37,0.61,33.82501143,16.97,1.75,0,0,4.431015265,4,32.42647059,,,64.70%,7.96%,4,0.30%,56.00%,,,5.54E+10,5.39E+10,33666666667,4.20E+10,59.50%,73.00%,24.10%,26.8,13.5,372000,1227600,74400
11/1/2017,62.71409091,305,6.69459904,8.450665676,5.8975,4.6992,24.97,0,0.4,34.94555002,16.76,1.75,1,0,9.239989509,8,32.5,,,64.70%,7.96%,0,0.30%,56.00%,,,5.54E+10,5.39E+10,33666666667,4.20E+10,59.50%,73.00%,24.10%,27.9,21.5,612000,612000,108000
12/1/2017,64.37368421,305,7.138933614,8.647113815,5.046,3.5311,24.96,0.31,0.72,38.76596145,16.5,1.75,1,0,8.289383495,7,32.57352941,,,64.70%,7.96%,0,0.30%,56.00%,,,5.54E+10,5.39E+10,33666666667,4.20E+10,59.50%,73.00%,24.10%,29.4,23,186000,520800,74400
1/1/2018,69.07727273,306,6.662255013,9.342463876,5.6119,3.3725,23.8,0,0.72,40.68523321,16.22,1.75,1,0,7.321727223,4,32.64705882,,,63.50%,10.00%,5,,55.00%,,,53406000000,57066666667,3.55E+10,43658000000,62.50%,80.00%,18.25%,29.93,19,1488000,297600,148800
2/1/2018,65.3175,306,6.718749767,9.82569311,5.4266,2.8718,27.73,14.84,0.81,42.49266884,15.93,1.75,1,0,8.16128787,7,32.72058824,,,63.50%,10.00%,1,,55.00%,,,53129000000,57066666667,3.55E+10,28931000000,62.50%,80.00%,45.55%,32,17.5,1108800,504000,134400
3/1/2018,66.01666667,306,6.69738764,10.11006909,5.7511,3.606,29.06,2.48,0.73,46.25718216,15.6,1.75,1,0,4.334950988,1,32.79411765,,,63.50%,10.00%,0,,55.00%,,,56570000000,57066666667,3.55E+10,39362000000,62.50%,80.00%,30.42%,32.6,16,1599600,148800,111600
4/1/2018,72.106,306,6.927858202,10.09046975,5.3942,2.2855,28.82,19.8,0.86,47.49263943,15.2,1.75,0,0,8.1504208,2,32.86764706,,,,,1,,,,,,,,,,,31.00%,,15.5,,,
5/1/2018,76.9752381,306,7.487354057,10.25151696,5.0938,1.883,26.83,87.11,0.59,47.60529042,14.79,1.75,0,0,5.407564122,5,32.94117647,,,,,0,,,,,,,,,,,31.00%,,12.5,,,
6/1/2018,74.4047619,306,7.448942844,10.44298763,4.8259,1.907,25.19,246.9,0.54,47.78852907,14.37,1.75,0,0,4.35769408,4,33.01470588,,,,,1,,,,,,,,,,,31.00%,,13,,,
7/1/2018,74.25409091,306,7.59883923,10.4407969,4.567,1.6102,24.44,172.05,0.46,47.11970215,13.95,1.75,0,0,4.657409564,3,33.08823529,,,,,1,,,,,,,,,,,31.00%,,13.5,,,
8/1/2018,72.52826087,306,8.084909938,10.875,4.1904,1.3142,24.01,244.59,0.4,45.83859356,13.55,1.75,0,0,4.803551803,5,33.16176471,,,,,0,,,,,,,,,,,31.00%,,13.5,,,
9/1/2018,78.891,306,9.521577031,11.3033169,4.9918,2.2462,24.56,133.8,0.43,44.3050991,13.16,1.75,0,0,5.003398708,4,33.23529412,,,,,2,,,,,,,,,,,31.00%,,14,,,
10/1/2018,81.03217391,306,8.79096073,11.66058023,5.3198,2.9198,25.23,89.9,0.37,41.99524274,12.78,1.75,0,0,3.543985066,5,33.30882353,,,58.79,8,0,,46.96%,,,,,,,68.20%,76.00%,31.00%,26.8,13.5,,,
11/1/2018,64.74818182,306,8.265079013,11.70029462,5.9143,5.2795,26.28,4.2,0.31,42.16718145,12.41,1.75,1,0,10.74181087,6,33.38235294,,,56.07,7.8,0,,46.96%,,,,,,,68.20%,76.00%,31.00%,28.8,21.5,,,
12/1/2018,57.36235294,306,7.97624238,11.9953208,5.5133,4.2794,25.22,0,0.56,43.11686359,12.1,1.75,1,0,7.13748234,4,33.45588235,,,43.16,7.8,2,,46.96%,,,,,,,68.20%,76.00%,31.00%,29.1,23,,,
1/1/2019,59.40954545,306,7.262343233,12.00729262,5.5577,4.1026,26.58,0.31,0.57,43.17428344,11.8,1.75,1,0,7.189082518,8,33.52941176,,,44.75,7.56%,4,0.40%,48.72%,20.02%,35.90%,65120000000,6.09E+10,3.78E+10,4.90E+10,68.50%,78.90%,26.00%,30.4,20,,,
2/1/2019,63.9605,306,6.005797122,11.80658165,5.3462,2.7576,27.9,1.96,0.86,42.29673411,11.56,1.75,1,0,10.25716707,6,33.60294118,,,52.39,7.56%,1,0.40%,48.72%,20.02%,35.90%,60040000000,5.88E+10,4.03E+10,4.58E+10,61.70%,80.60%,29.40%,30.4,18.5,,,
3/1/2019,66.13857143,306,5.178735674,11.29418661,6.0029,3.4918,30.01,7.13,0.66,44.42810295,11.4,1.75,1,0,3.608679156,3,33.67647059,,,49.23,7.56%,0,0.40%,48.72%,20.02%,35.90%,64960000000,6.57E+10,4.06E+10,4.26E+10,69.40%,80.40%,31.00%,30.4,16.5,,,
4/1/2019,71.23333333,306,4.92218082,10.26546107,5.8306,2.808,30.66,6,0.71,44.7926999,11.31,1.75,0,0,5.020396512,6,33.75,,,48.27,7.95%,1,-0.11%,44.53%,19.81%,30.84%,60900000000,61200000000,42500000000,44820000000,64.70%,80.10%,30.90%,32.2,15.5,,,
5/1/2019,71.31772727,320,4.341055294,10.14548849,5.3959,2.4578,27.27,106.95,0.45,45.12281787,11.299,1.75,0,0,6.958463772,3,33.82352941,,,47.12,7.95%,1,-0.11%,44.53%,19.81%,30.84%,63100000000,59100000000,38300000000,40620000000,64.70%,79.80%,34.90%,32.2,13,,,
6/1/2019,64.2205,320,3.588006512,10.04237788,4.5463,1.7993,26.04,106.5,0.49,45.06945487,11.297,1.75,0,0,4.91933316,4,33.89705882,,,48.81,7.95%,1,-0.11%,44.53%,19.81%,30.84%,56080000000,56400000000,41400000000,39530000000,73.40%,80.60%,30.30%,32.2,13,,,
7/1/2019,63.91913043,320,3.620371406,10.12781122,4.2055,1.3234,24.82,163.99,0.48,44.9030314,11.291,1.75,0,0,4.481905417,5,33.97058824,,,48.74,8.12%,0,0.04%,43.65%,18.40%,30.95%,73062730627,59400000000,40000000000,43962730627,67.30%,81.30%,48.10%,27.5,13.5,,,
8/1/2019,59.04181818,320,3.67677516,10.86099864,3.8388,0.9919,23.89,344.41,0.45,43.6078044,11.271,1.75,0,0,6.55422656,3,34.04411765,,,50.54,8.12%,1,0.04%,43.65%,18.40%,30.95%,71042944785,57900000000,39200000000,44142944785,67.60%,81.50%,43.60%,27.5,13.5,,,
9/1/2019,62.82666667,320,4.205255685,10.14170041,4.9046,1.8828,24.62,256.8,0.48,41.85228671,11.27,1.75,0,0,4.029686514,1,34.11764706,,,48.96,8.12%,0,0.04%,43.65%,18.40%,30.95%,67804878049,55600000000,40100000000,43804878049,72.20%,82.00%,41.80%,27.5,14,,,
10/1/2019,59.71304348,320,5.057217858,9.983524086,4.5766,1.992,24.19,270.01,0.39,40.46416537,11.3,1.75,0,0,5.076963158,4,34.19117647,,,44.3,7.40%,0,,42.63%,17.40%,30.55%,70036101083,5.82E+10,40700000000,45736101083,70.00%,83.10%,41.00%,24.8,14.5,,,
11/1/2019,63.21190476,350,5.150004217,10.03950331,5.7118,4.8998,25.62,38.1,0.3,39.80315302,11.35,1.75,1,0,8.560546376,4,34.26470588,,,42.9,7.40%,1,,42.63%,17.40%,30.55%,74909090909,6.18E+10,43000000000,50109090909,69.60%,82.50%,39.60%,24.8,21.5,,,
12/1/2019,67.21714286,350,4.620472212,10.05669681,6.0425,5.97137,23.39,0,0.283,38.5952576,11.4,1.75,1,0,8.456539939,3,34.33823529,,,36.59,7.40%,1,,42.63%,17.40%,30.55%,76885644769,6.32E+10,43500000000,51785644769,68.80%,82.20%,35.00%,24.8,23,,,
1/1/2020,63.64545455,358,3.633384347,9.886950063,5.7998,4.2185,23.8,0,0.56,38.00976348,11.46,1.75,1,0,7.825826036,4,34.41176471,,,,7.48%,1,,,,,,,,,63.01%,,42.00%,,19,,,
2/1/2020,55.657,358,2.907773641,9.894430506,5.8627,3.1574,26.49,0,0.95,36.29951722,11.54,1.75,1,0,7.744193975,4,34.48529412,,,,7.48%,0,,,,,,,,,63.01%,,42.00%,,17.5,,,
3/1/2020,32.01136364,358,2.718868382,10.212992,5.8306,2.9102,28.65,33.79,0.76,35.16444241,11.62,2.05,1,0,3.411816776,3,34.55882353,,,,7.48%,0,,,,,,,,,63.01%,,42.00%,,16,,,
4/1/2020,29.85434632,358,2.120318667,10.00988126,6.0211,3.2712,27.01,133.2,0.57,33.52090427,11.71,2.05,0,0,3.460293672,0,34.63235294,,,,7.48%,1,,,,,,,,,63.01%,,42.00%,,15.5,,,
5/1/2020,29.85434632,358,1.769762291,10.07552703,5.5202,2.6678,26.34,159.03,0.49,36.59499705,11.79,2.05,0,0,5.069870859,4,34.70588235,,,,7.48%,0,,,,,,,,,63.01%,,42.00%,,12.5,,,
6/1/2020,40.26681818,358,1.769762291,8.970819092,5.1098,2.1422,25.07,198.3,0.5,36.18527466,11.9,2.05,0,0,7.664094561,2,34.77941176,,,,7.48%,1,,,,,,,,,63.01%,,42.00%,,13,,,
7/1/2020,43.24217391,380,1.801035496,7.786445501,4.2293,1.4448,23.86,350.61,0.45,35.87763605,12.05,2.05,0,0,7.009315982,2,34.85294118,,,,7.48%,0,,,,,,,,,63.01%,,42.00%,,13.5,,,
8/1/2020,44.736,380,2.861896677,6.343564895,4.061,1.3176,23.71,130.51,0.45,35.67126321,12.23,2.05,0,0,3.580530699,2,34.92647059,,,,7.48%,0,,,,,,,,,63.01%,,42.00%,,13.5,,,
9/1/2020,40.90954545,380,3.952139463,6.211492606,4.2626,1.3613,24.11,283.2,0.49,35.73884286,12.44,2.05,0,0,4.119868748,5,35,,,,7.48%,0,,,,,,,,,63.01%,,42.00%,,14,,,
10/1/2020,40.18954545,380,4.889590408,6.211492606,5.7365,3.9794,24.82,96.72,0.37,35.68954501,12.66,2.05,0,0,4.145206243,4,35.07352941,,,,7.48%,0,,,,,,,,,63.01%,,42.00%,,13.5,,,
11/1/2020,42.69238095,380,4.835839005,6.855505347,5.9638,5.3179,24.85,4.5,0.32,35.41320279,12.92,2.05,1,0,7.684621346,11,35.14705882,,,,7.48%,1,,,,,,,,,63.01%,,42.00%,,21.5,,,
12/1/2020,49.99363636,380,5.856106296,7.661002563,5.7559,5.5073,25.35,0,0.36,35.37391521,13.25,2.05,1,0,9.138946312,5,35.22058824,,,,7.48%,0,,,,,,,,,63.01%,,42.00%,,23,,,
1/1/2021,54.774,401,7.268301749,9.003787528,6.0214,5.0729,25.54,0,0.44,36.30309098,13.62,2.05,1,0,7.871039853,5,35.29411765,,,39.24,7.64%,0,,46.85%,23.43%,30.58%,1.59E+11,1.22E+11,64610833333,28466666667,69.42%,76.57%,71.35%,30.08,20,,,
2/1/2021,62.2765,401,6.158507167,9.879427812,5.9544,3.5074,27,0.28,0.84,35.09986158,14.05,2.05,1,0,7.498447933,6,35.36764706,,,41.91,7.64%,1,,46.85%,23.43%,30.58%,1.59E+11,1.22E+11,64610833333,28466666667,69.42%,76.57%,71.35%,30.08,18.5,,,
3/1/2021,65.41,401,6.127069579,7.895051572,5.5613,2.5027,28.23,26.97,1.01,34.82045689,14.55,2.05,1,0,3.350782181,1,35.44117647,,,43.05,7.64%,0,,46.85%,23.43%,30.58%,1.59E+11,1.22E+11,64610833333,28466666667,69.42%,76.57%,71.35%,30.08,16.5,,,
4/1/2021,64.8065,401,7.146816288,8.276794196,6.26485,3.7267,28.18,51.6,0.57,34.88138946,15.04,2.05,0,0,3.021354742,4,35.51470588,,,38.1,7.64%,0,,46.85%,23.43%,30.58%,1.18E+11,89655005564,61763333333,28466666667,68.89%,76.19%,71.35%,30.08,15.5,,,
5/1/2021,68.53421053,401,8.908756924,8.915694513,5.6746,2.7866,27.69,69.75,0.45,34.22904875,15.5,2.05,0,0,3.834174947,2,35.58823529,,,38.1,7.64%,1,,46.85%,23.43%,30.58%,1.18E+11,89655005564,61763333333,28466666667,68.89%,76.19%,71.35%,30.08,13,,,
6/1/2021,73.16409091,401,10.30105101,9.616012296,4.9781,2.1876,25.35,247.8,0.52,33.32350387,15.93,2.05,0,0,4.327153641,3,35.66176471,,,34.29,7.64%,0,,46.85%,23.43%,30.58%,1.18E+11,89655005564,61763333333,28466666667,68.89%,76.19%,71.35%,30.08,13,,,
7/1/2021,75.16590909,410,12.50994243,10.35918837,3.8592,0.9125,24.11,238.7,0.61,33.40261689,16.3,2.05,0,0,7.464788035,1,35.73529412,,,36.95,7.64%,1,,46.85%,23.43%,30.58%,1.19E+11,91000000000,64510000000,22283333333,70.89%,76.74%,67.94%,30.08,13.5,,,
8/1/2021,70.74714286,410,15.42647594,10.80139655,4.3932,1.5305,23.92,331.39,0.44,34.01791483,16.6,2.05,0,0,3.806445024,1,35.80882353,,,43.05,7.64%,1,,46.85%,23.43%,30.58%,1.19E+11,91000000000,64510000000,22283333333,70.89%,76.74%,67.94%,30.08,13.5,,,
9/1/2021,74.48863636,410,22.84059608,11.4389905,5.0153,2.1427,24.59,223.5,0.5,36.7823435,16.83,2.05,0,0,3.875796214,1,35.88235294,,,41.14,7.64%,0,,46.85%,23.43%,30.58%,1.19E+11,91000000000,64510000000,22283333333,70.89%,76.74%,67.94%,30.08,14,,,
10/1/2021,83.53809524,410,31.05246637,12.37691538,5.6803,3.5426,25.3,134.23,0.38,41.82898148,16.96,2.05,0,0,4.778986061,2,35.95588235,,,43.81,7.64%,0,,46.85%,23.43%,30.58%,1.22E+11,93077500000,64610833333,28466666667,69.42%,76.57%,71.35%,30.08,14.5,,,
11/1/2021,81.05,410,27.62343201,15.25400265,5.7528,4.6894,24.78,41.4,0.35,41.18670054,16.98,2.05,1,0,7.560759712,4,36.02941176,,,41.14,7.64%,0,,46.85%,23.43%,30.58%,1.22E+11,93077500000,64610833333,28466666667,69.42%,76.57%,71.35%,30.08,21.5,,,
12/1/2021,74.17047619,420,38.02711984,15.32252692,5.4775,4.2694,22.8809,4.03,0.55,40.52053173,16.95,2.05,1,0,9.102631956,10,36.10294118,,,39.62,7.64%,0,,46.85%,23.43%,30.58%,1.22E+11,93077500000,64610833333,28466666667,69.42%,76.57%,71.35%,30.08,23,,,
1/1/2022,86.5052381,425,28.26067332,14.68575981,5.6081,4.0116,23.15,29.14,0.62,40.03916288,16.87,2.1,1,0,7.538634956,6,36.17647059,,,34.73,8.15%,0,,45.46%,23.21%,28.98%,1.29E+11,98775833333,70150833333,28625000000,71.02%,76.79%,77.46%,29.61,20,,,
2/1/2022,97.129,425,27.22971591,16.99523832,6.26485,3.589,24.83,0,0.78,39.86341392,16.73,2.1,1,0,7.526632462,7,36.25,,,35.09,8.15%,0,,45.46%,23.21%,28.98%,1.29E+11,98775833333,70150833333,28625000000,71.02%,76.79%,77.46%,29.61,18.5,,,
3/1/2022,117.2452174,425,42.3929708,15.11138495,5.4583,1.9795,27.95,26.04,1.129,39.54675673,16.54,2.1,1,0,9.945353736,5,36.32352941,,,32.56,8.15%,2,,45.46%,23.21%,28.98%,1.29E+11,98775833333,70150833333,28625000000,71.02%,76.79%,77.46%,29.61,16.5,,,
4/1/2022,104.5752632,500,32.20418723,16.28752392,5.4864,2.3498,26.66,162,0.64,39.57928054,16.45,2.1,0,0,5.186197543,3,36.39705882,,,36.9,8.15%,1,,45.46%,23.21%,28.98%,1.29E+11,98775833333,70150833333,28625000000,71.02%,76.79%,77.46%,29.61,15.5,,,
5/1/2022,113.337619,500,29.17072267,16.67909129,5.443,2.4283,25.68,387.6426,0.49,38.48365715,16.45,2.1,0,0,3.84054158,6,36.47058824,,,33.28,8.15%,0,,45.46%,23.21%,28.98%,1.29E+11,98775833333,70150833333,28625000000,71.02%,76.79%,77.46%,29.61,13,,,
6/1/2022,117.9099,500,33.55773104,15.53392071,4.8101,1.95,24.56,288.3,0.51,39.15528255,16.54,2.1,0,0,4.596775682,4,36.54411765,,,27.49,8.15%,1,,45.46%,23.21%,28.98%,1.29E+11,98775833333,70150833333,28625000000,71.02%,76.79%,77.46%,29.61,13,,,
7/1/2022,111.9257143,550,51.33003047,18.88075436,4.4021,1.3481,24.14,137.33,0.47,39.21923495,16.75,2.1,0,0,3.132334263,4,36.61764706,,,29.66,8.15%,1,,45.46%,23.21%,28.98%,1.29E+11,98775833333,70150833333,28625000000,71.02%,76.79%,77.46%,27.17,13.5,,,
8/1/2022,100.4463636,550,56.30448921,21.21084798,3.713,1.1071,23.72,346.58,0.55,39.02489115,17.07,2.1,0,0,3.51594907,3,36.69117647,,,33.28,8.15%,0,,45.46%,23.21%,28.98%,1.29E+11,98775833333,70150833333,28625000000,71.02%,76.79%,77.46%,27.17,13.5,,,
9/1/2022,89.7647619,550,56.30448921,21.61464202,4.2276,1.5571,23.98,234.9,0.42,38.25290623,17.43,2.1,0,0,6.6820276,5,36.76470588,,,32.19,8.15%,1,,45.46%,23.21%,28.98%,1.29E+11,98775833333,70150833333,28625000000,71.02%,76.79%,77.46%,27.17,14,,,
10/1/2022,93.33190476,600,39.02204994,21.61464202,5.5846,3.389,24.36,129.58,0.38,37.3867009,17.86,2.1,0,0,3.331365491,2,36.83823529,,,30.75,8.15%,0,,45.46%,23.21%,28.98%,1.29E+11,98775833333,70150833333,28625000000,71.02%,76.79%,77.46%,29.02,14.5,,,
11/1/2022,91.41545455,600,35.72328224,19.58626742,5.9122,4.9411,23.89,0.3,0.29,37.11294706,18.37,2.1,1,0,7.825822438,4,36.91176471,,,33.28,8.15%,0,,45.46%,23.21%,28.98%,1.29E+11,98775833333,70150833333,28625000000,71.02%,76.79%,77.46%,29.02,21.5,,,
12/1/2022,80.924,600,36.04426004,20.5767424,5.6642,5.16,22.8809,0,0.34,37.08277814,18.85,2.1,1,0,10.82282803,4,36.98529412,,,34.36,8.15%,0,,45.46%,23.21%,28.98%,1.29E+11,98775833333,70150833333,28625000000,71.02%,76.79%,77.46%,29.02,23,,,
1/1/2023,82.50142857,645,20.18397092,20.19478822,5.6878,4.2137,23.71,0.31,0.52,36.99615723,19.36,2.1,1,0,7.678969738,7,37.05882353,,,33.10%,8.17%,,,41.67%,20.79%,26.36%,1.54E+11,1.22E+11,89792500000,32144166667,73.64%,79.21%,82.37%,34.66,20,,,
2/1/2023,82.585,645,16.53713728,18.41532979,5.8368,3.2328,25.94,2.24,0.79,36.67883782,19.87,2.1,1,0,8.846071106,8,37.13235294,,,33.10%,8.17%,,,41.67%,20.79%,26.36%,1.54E+11,1.22E+11,89792500000,32100000000,73.64%,79.21%,82.37%,34.66,18.5,,,
3/1/2023,78.43434783,645,13.81207686,16.03312595,6.0154,3.5069,27.43,23.56,0.53,35.49712276,20.37,2.1,1,0,4.137430651,5,37.20588235,,,33.10%,8.17%,,,41.67%,20.79%,26.36%,1.54E+11,1.22E+11,89792500000,32100000000,73.64%,79.21%,82.37%,34.66,16.5,,,
4/1/2023,84.63833333,800,13.52052962,14.36606255,5.6148,2.3354,28.04,35.1,0.63,35.25091472,20.82,2.1,0,0,4.381017891,6,37.27941176,,,33.10%,8.17%,,,41.67%,20.79%,26.36%,1.54E+11,1.22E+11,89792500000,32100000000,73.64%,79.21%,82.37%,34.66,15.5,,,
5/1/2023,75.466,800,10.108756,13.43029628,5.531,2.6431,27.22,96.41,0.48,35.09442197,21.2,2.1,0,0,3.851082409,5,37.35294118,,,33.10%,8.17%,,,41.67%,20.79%,26.36%,1.54E+11,1.22E+11,89792500000,32100000000,73.64%,79.21%,82.37%,34.66,13,,,
6/1/2023,74.83909091,800,10.35062474,12.679231,4.7364,1.8334,25.3,245.1,0.41,34.11944799,21.54,2.18,0,0,4.994330411,1,37.42647059,,,33.10%,8.17%,,,41.67%,20.79%,26.36%,1.54E+11,1.22E+11,89792500000,32100000000,73.64%,79.21%,82.37%,34.66,13,,,
7/1/2023,80.10809524,1000,9.54528399,12.9889101,4.938,2.1386,25.38,150.97,0.37,33.95224867,21.92,2.18,0,0,4.846921181,4,37.5,,,33.10%,8.17%,,,41.67%,20.79%,26.36%,1.47E+11,1.17E+11,89203333333,32100000000,76.56%,79.21%,74.39%,23.27,13.5,,,
8/1/2023,86.14772727,1000,11.19194456,12.54407348,4.4995,1.6495,25.04,151.59,0.57,33.95411388,22.38,2.18,0,0,5.053864264,3,37.57352941,,,33.10%,8.17%,,,41.67%,20.79%,26.36%,1.47E+11,1.17E+11,89203333333,32100000000,76.56%,79.21%,74.39%,23.27,13.5,,,
9/1/2023,93.72238095,1000,11.54929515,12.21064537,5.1353,2.2934,25.49,148.2,0.42,33.23760357,22.9,2.18,0,0,3.484350674,3,37.64705882,,,33.10%,8.17%,,,41.67%,20.79%,26.36%,1.47E+11,1.17E+11,89203333333,32100000000,76.56%,79.21%,74.39%,23.27,14,,,
10/1/2023,90.59590909,1200,14.56950706,12.6198814,5.1922,2.6126,26.05,152.21,0.68,33.39613597,23.44,2.18,0,0,3.22492771,5,37.72058824,,,35.34%,8.49%,1,,42.11%,20.79%,26.36%,1.70E+11,1.33E+11,98316666667,32100000000,73.79%,78.45%,69.92%,31.94,14.5,,,
11/1/2023,82.94,1200,14.48505488,12.72340659,5.1566,3.3485,26.07,24.6,0.44,33.00405474,24.01,2.18,1,0,9.074111721,6,37.79411765,,,35.34%,8.49%,1,,42.11%,20.79%,26.36%,1.70E+11,1.33E+11,98316666667,32100000000,73.79%,78.45%,69.92%,31.94,21.5,,,
12/1/2023,77.63105263,1200,11.50665791,14.43954522,5.881,5.7137,25.56,0,0.34,32.9124299,24.66,2.18,1,0,8.324443182,5,37.86764706,,,35.34%,8.49%,1,,42.11%,20.79%,26.36%,1.70E+11,1.33E+11,98316666667,32100000000,73.79%,78.45%,69.92%,31.94,23,,,
1/1/2024,80.12409091,1450,9.559613553,14.34415418,5.9897,4.8982,25.8,0,0.47,33.35366593,25.35,2.18,1,0,7.090073615,5,37.94117647,,,31.12%,8.48%,1,,36.36%,19.55%,20.83%,1.53E+11,1.23E+11,9.72E+10,14511666667,79.11%,80.45%,96.93%,29.66,20,,,
2/1/2024,83.47809524,1450,8.148380868,13.64499251,5.5927,2.8493,28.88,1.74,0.82,33.71860562,26.18,2.18,1,0,9.682693481,4,38.01470588,,,31.12%,8.48%,0,,36.36%,19.55%,20.83%,1.53E+11,1.23E+11,9.72E+10,14511666667,79.11%,80.45%,96.93%,29.66,18.5,,,
3/1/2024,85.4085,1450,8.553726322,13.18562895,5.7965,2.7763,30.05,26.97,0.8,33.82735628,27.13,2.18,1,0,4.777968618,3,38.08823529,,,31.12%,8.48%,2,,36.36%,19.55%,20.83%,1.53E+11,1.23E+11,9.72E+10,14511666667,79.11%,80.45%,96.93%,29.66,16.5,,,
4/1/2024,89.93809524,1500,9.085119006,11.87776966,5.8565,2.7482,29.87,63.3,0.58,32.25452512,28.1,2.18,0,0,6.156084237,4,38.16176471,,,43.61%,8.57%,1,,35.72%,17.32%,25.64%,2.20E+11,1.81E+11,1.44E+11,16400000000,79.31%,82.19%,78.14%,25.06,15.5,,,
5/1/2024,81.74619048,1500,10.12306555,12.1628961,5.3069,2.4089,28.08,81.22,0.52,32.69468179,29.06,2.18,0,0,3.344780547,2,38.23529412,,,43.61%,8.57%,0,,35.72%,17.32%,25.64%,2.20E+11,1.81E+11,1.44E+11,16400000000,79.31%,82.19%,78.14%,25.06,13,,,
6/1/2024,82.246,1500,10.8689779,12.13097147,4.5778,1.9826,26.43,121.5,0.53,34.19152381,30,2.18,0,0,4.909882897,4,38.30882353,,,43.61%,8.57%,2,,35.72%,17.32%,25.64%,2.20E+11,1.81E+11,1.44E+11,16400000000,79.31%,82.19%,78.14%,25.06,13,,,
7/1/2024,85.15304348,1500,10.34681933,12.49096429,4.0274,1.0332,24.96,387.6426,0.51,36.79746244,30.76,2.18,0,0,3.132388952,2,38.38235294,,,43.61%,8.57%,1,,39.10%,17.32%,25.64%,2.54E+11,2.09E+11,1.56E+11,16400000000,74.55%,82.15%,83.77%,25.06,13.5,,,
8/1/2024,80.3552381,1500,12.3745982,13.31963658,3.60044,0.89297,24.38,141.05,0.54,36.30565442,31.26,2.18,0,0,4.428699566,4,38.45588235,,,43.61%,8.57%,0,,39.10%,17.32%,25.64%,2.54E+11,2.09E+11,1.56E+11,16400000000,74.55%,82.15%,83.77%,25.06,13.5,,,
9/1/2024,74.01666667,1550,11.78425919,12.96922628,4.7964,1.8902,24.93,126.3,0.41,38.35253998,31.73,2.18,0,0,3.304015252,2,38.52941176,,,43.61%,8.57%,1,,39.10%,17.32%,25.64%,2.54E+11,2.09E+11,1.56E+11,16400000000,74.55%,82.15%,83.77%,25.06,14,,,
10/1/2024,75.6326087,1550,12.92013303,12.54097969,5.2519,3.1178,25.13,101.37,0.37,39.78552319,32.26,2.18,0,0,5.384823514,5,38.60294118,,,31.39%,9.23%,0,,35.22%,17.32%,25.64%,2.62E+11,2.19E+11,1.70E+11,9973333333,77.44%,83.66%,92.68%,25.79,14.5,,,
11/1/2024,74.3452381,1550,13.92640046,12.82273139,6.2568,5.97137,24.37,0,0.283,40.2324632,33.24209665,2.18,1,0,7.282370091,4,38.67647059,,,31.39%,9.23%,1,,35.22%,17.32%,25.64%,2.62E+11,2.19E+11,1.70E+11,9973333333,77.44%,83.66%,92.68%,25.79,21.5,,,
12/1/2024,73.8595,1553.725,13.856621,12.64061637,5.7691,5.1792,24.82,0,0.38,40.87799744,33.24209665,2.18,1,0,7.793151836,6,38.75,,,31.39%,9.23%,,,35.22%,17.32%,25.64%,2.62E+11,2.19E+11,1.70E+11,9973333333,77.44%,83.66%,92.68%,25.79,23,,,
1/1/2025,79.27045455,1536.454545,14.6635116,13.19310576,5.8226,4.5742,27.06,0,0.49,39.72316136,33.24209665,2.18,1,0,8.27896904,9,38.82352941,24187.13,64206.09,32.29%,9.00%,,,39.61%,18.82%,25.61%,9.17E+11,7.44E+11,5.54E+11,1.91E+11,74.39%,81.18%,95.86%,29.75,20,,,
2/1/2025,75.438,1504.134783,15.34053214,12.78178132,5.783,3.2189,28.75,4.2,0.7,38.41638217,33.24209665,2.18,1,0,8.290962322,6,38.89705882,23782.36,58473.65,32.29%,9.00%,,,39.61%,18.82%,25.61%,9.17E+11,7.44E+11,5.54E+11,1.91E+11,74.39%,81.18%,95.86%,29.75,18.5,,,
3/1/2025,72.73285714,1533,13.2354069,12.54544875,6.155,3.3545,30.798,3.72,0.54,38.30820972,33.24209665,2.18,1,0,5.160572565,3,38.97058824,27491.73,64303.75,32.29%,9.00%,,,39.61%,18.82%,25.61%,9.17E+11,7.44E+11,5.54E+11,1.91E+11,74.39%,81.18%,95.86%,29.75,16.5,,,
4/1/2025,68.1345,1601.481968,11.59029271,12.68000374,5.9366,3.0286,30.798,54.6,0.57,37.9335007,33.24209665,2.18,0,0,3.131231158,2,39.04411765,26601,70442.61,32.20%,8.58%,,,37.92%,18.39%,23.93%,9.10E+11,7.42E+11,5.65E+11,1.78E+11,76.07%,81.61%,95.65%,28.27,15.5,,,
5/1/2025,64.453,1595.098261,11.66346591,12.32196857,5.4293,2.3724,28.55,63.86,0.52,38.44838352,33.24209665,2.18,0,0,5.236895882,3,39.11764706,25966.84,72966.26,32.20%,8.58%,,,37.92%,18.39%,23.93%,9.10E+11,7.42E+11,5.65E+11,1.78E+11,76.07%,81.61%,95.65%,28.27,13,,,
6/1/2025,71.4447619,1550.757895,12.36749612,12.16699184,5.047,2.4442,25.96,171.9,0.42,37.21088917,33.24209665,2.18,0,0,4.772517393,0,39.19117647,25885.8,69443.16,32.20%,8.58%,,,37.92%,18.39%,23.93%,9.10E+11,7.42E+11,5.65E+11,1.78E+11,76.07%,81.61%,95.65%,28.27,13,,,
7/1/2025,71.04130435,1531.688636,11.62054157,11.9140386,3.835,0.9814,24.43,177.01,0.46,39.35932207,33.24209665,2.18,0,0,3.856546328,3,39.26470588,25849.66,70620.9,31.08%,7.19%,,,33.27%,17.31%,19.30%,8.55E+11,7.07E+11,5.70E+11,1.36E+11,80.70%,82.69%,95.21%,24.98,13.5,,,
8/1/2025,67.87,1535.180476,11.14799164,11.79324719,3.60044,0.89297,24.08,179.18,0.58,41.30552759,33.24209665,2.18,0,0,4.292558584,2,39.33823529,,,31.08%,7.19%,,,33.27%,17.31%,19.30%,8.55E+11,7.07E+11,5.70E+11,1.36E+11,80.70%,82.69%,95.21%,24.98,13.5,,,
9/1/2025,67.98545455,1498.382857,11.11631535,11.46801761,4.7666,2.057,24.93,188.4,0.46,42.35392483,33.24209665,2.18,0,0,10.43492184,2,39.41176471,,,31.08%,7.19%,,,33.27%,17.31%,19.30%,8.55E+11,7.07E+11,5.70E+11,1.36E+11,80.70%,82.69%,95.21%,24.98,14,,,
10/1/2025,64.54347826,1459.789091,10.88817271,11.10449591,5.538,3.5062,25.51,81.22,0.36,43.19750851,33.24209665,2.18,0,0,4.485186012,3,39.48529412,,,28.09%,7.27%,1,,34.90%,17.97%,20.64%,9.69E+11,7.95E+11,6.31E+11,1.64E+11,79.36%,82.03%,92.71%,25.68,14.5,,,
11/1/2025,63.797,1445.2845,10.42040288,11.15452344,6.0178,5.3239,27.18,2.4,0.31,44.66827169,33.24209665,2.18,1,0,9.801475548,5,39.55882353,,,28.09%,7.27%,1,,34.90%,17.97%,20.64%,9.69E+11,7.95E+11,6.31E+11,1.64E+11,79.36%,82.03%,92.71%,25.68,21.5,,,
12/1/2025,62.54428571,1452.48,9.482604968,11.32067873,6.0178,5.3239,27.78,0.31,0.31,45.50243861,33.24209665,2.18,1,0,7.491680567,9,39.63235294,,,28.09%,7.27%,1,,34.90%,17.97%,20.64%,9.69E+11,7.95E+11,6.31E+11,1.64E+11,79.36%,82.03%,92.71%,25.68,23,,,
1/1/2026,66.60238095,1416.528571,11.75574513,11.48785175,6.0178,5.3239,27.78,0.31,0.31,46.27990147,33.24209665,2.18,1,0,11.23544851,5,39.70588235,,,28.09%,7.27%,1,,34.90%,17.97%,20.64%,9.69E+11,7.95E+11,6.31E+11,1.64E+11,79.36%,82.03%,92.71%,,20,,,
2/1/2026,70.887,1357.182091,11.23735294,11.32458021,6.0178,5.3239,27.78,0.31,0.31,48.93239912,33.24209665,2.18,1,0,14.55547154,6,39.77941176,,,28.09%,7.27%,1,,34.90%,17.97%,20.64%,9.69E+11,7.95E+11,6.31E+11,1.64E+11,79.36%,82.03%,92.71%,,18.5,,,
3/1/2026,103.1345455,1381.1825,17.90699243,11.42295003,6.0178,5.3239,27.78,0.31,0.31,48.93239912,33.24209665,2.18,1,0,3.919800871,1,39.85294118,,,28.09%,7.27%,1,,34.90%,17.97%,20.64%,9.69E+11,7.95E+11,6.31E+11,1.64E+11,79.36%,82.03%,92.71%,,16.5,,,
4/1/2026,117.2875,1361.513185,15.41078462,11.67366144,6.0178,5.3239,27.78,,0.31,48.36400853,33.24209665,2.18,0,0,6.522055137,1,39.92647059,,,28.09%,7.27%,1,,34.90%,17.97%,20.64%,9.69E+11,7.95E+11,6.31E+11,1.64E+11,79.36%,82.03%,92.71%,,15.5,,,
5/1/2026,117.9099,1361.513185,15.41078462,11.67366144,6.0178,5.3239,27.78,,0.31,48.36400853,33.24209665,2.18,0,0,4.650725114,1,40,,,28.09%,7.27%,1,,34.90%,17.97%,20.64%,9.69E+11,7.95E+11,6.31E+11,1.64E+11,79.36%,82.03%,92.71%,,13,,,
